袨泻褉褍谐,袦械褋褟褑,孝邪褉懈褎
笑械薪褌褉,携薪胁,4.5
笑械薪褌褉,肖械胁,4.6
笑械薪褌褉,袦邪褉,4.6
笑械薪褌褉,袗锌褉,4.2
笑械薪褌褉,袦邪泄,4.5
笑械薪褌褉,袠褞薪,4.3
笑械薪褌褉,袠褞谢,4.4
笑械薪褌褉,袗胁谐,4.7
笑械薪褌褉,小械薪,4.5
笑械薪褌褉,袨泻褌,4.7
笑械薪褌褉,袧芯褟,5.0
笑械薪褌褉,袛械泻,5.1
小袟,携薪胁,4.6
小袟,肖械胁,4.7
小袟,袦邪褉,4.9
小袟,袗锌褉,4.5
小袟,袦邪泄,4.5
小袟,袠褞薪,4.6
小袟,袠褞谢,4.6
小袟,袗胁谐,4.7
小袟,小械薪,4.6
小袟,袨泻褌,4.7
小袟,袧芯褟,5.2
小袟,袛械泻,5.2
挟谐,携薪胁,5.0
挟谐,肖械胁,4.9
挟谐,袦邪褉,5.0
挟谐,袗锌褉,4.6
挟谐,袦邪泄,4.6
挟谐,袠褞薪,4.7
挟谐,袠褞谢,4.8
挟谐,袗胁谐,4.7
挟谐,小械薪,4.8
挟谐,袨泻褌,4.7
挟谐,袧芯褟,5.3
挟谐,袛械泻,5.5
袣邪胁泻邪蟹,携薪胁,5.0
袣邪胁泻邪蟹,肖械胁,5.0
袣邪胁泻邪蟹,袦邪褉,5.1
袣邪胁泻邪蟹,袗锌褉,4.7
袣邪胁泻邪蟹,袦邪泄,4.9
袣邪胁泻邪蟹,袠褞薪,4.9
袣邪胁泻邪蟹,袠褞谢,4.8
袣邪胁泻邪蟹,袗胁谐,5.0
袣邪胁泻邪蟹,小械薪,4.9
袣邪胁泻邪蟹,袨泻褌,5.1
袣邪胁泻邪蟹,袧芯褟,5.6
袣邪胁泻邪蟹,袛械泻,5.6
袩芯胁芯谢卸褜械,携薪胁,5.3
袩芯胁芯谢卸褜械,肖械胁,5.3
袩芯胁芯谢卸褜械,袦邪褉,5.3
袩芯胁芯谢卸褜械,袗锌褉,4.9
袩芯胁芯谢卸褜械,袦邪泄,4.8
袩芯胁芯谢卸褜械,袠褞薪,4.9
袩芯胁芯谢卸褜械,袠褞谢,4.8
袩芯胁芯谢卸褜械,袗胁谐,5.0
袩芯胁芯谢卸褜械,小械薪,5.1
袩芯胁芯谢卸褜械,袨泻褌,5.1
袩芯胁芯谢卸褜械,袧芯褟,5.7
袩芯胁芯谢卸褜械,袛械泻,5.8
校褉邪谢,携薪胁,5.4
校褉邪谢,肖械胁,5.5
校褉邪谢,袦邪褉,5.6
校褉邪谢,袗锌褉,4.9
校褉邪谢,袦邪泄,5.2
校褉邪谢,袠褞薪,5.2
校褉邪谢,袠褞谢,5.2
校褉邪谢,袗胁谐,5.3
校褉邪谢,小械薪,5.2
校褉邪谢,袨泻褌,5.3
校褉邪谢,袧芯褟,5.9
校褉邪谢,袛械泻,5.8
小懈斜懈褉褜,携薪胁,5.6
小懈斜懈褉褜,肖械胁,5.6
小懈斜懈褉褜,袦邪褉,5.7
小懈斜懈褉褜,袗锌褉,5.2
小懈斜懈褉褜,袦邪泄,5.1
小懈斜懈褉褜,袠褞薪,5.3
小懈斜懈褉褜,袠褞谢,5.5
小懈斜懈褉褜,袗胁谐,5.4
小懈斜懈褉褜,小械薪,5.3
小懈斜懈褉褜,袨泻褌,5.3
小懈斜懈褉褜,袧芯褟,6.1
小懈斜懈褉褜,袛械泻,6.2
袛袙,携薪胁,5.8
袛袙,肖械胁,5.8
袛袙,袦邪褉,5.9
袛袙,袗锌褉,5.3
袛袙,袦邪泄,5.3
袛袙,袠褞薪,5.4
袛袙,袠褞谢,5.4
袛袙,袗胁谐,5.4
袛袙,小械薪,5.4
袛袙,袨泻褌,5.5
袛袙,袧芯褟,6.2
袛袙,袛械泻,6.2
